id,Store_name,date,Upper_count,Lower_count,Expected_Count
1,S Jackson Rd Ste 8,3/11/2021,36.73570118,16.73323889,25.91638854
2,S Jackson Rd Ste 8,3/12/2021,37.2113725,16.31592351,26.72244049
3,S Jackson Rd Ste 8,3/13/2021,38.63823798,16.79813538,27.52849245
4,S Jackson Rd Ste 8,3/14/2021,38.36542819,18.23797766,28.3345444
5,S Jackson Rd Ste 8,3/15/2021,38.99818581,19.15061559,29.14059636
6,S Jackson Rd Ste 8,3/16/2021,40.63820206,19.40078664,29.94664831
7,S Jackson Rd Ste 8,3/17/2021,41.42029231,20.56629136,30.75270026
8,S Jackson Rd Ste 8,3/18/2021,41.95960047,21.28840521,31.55875222
9,S Jackson Rd Ste 8,3/19/2021,42.4577691,21.93611394,32.36480417
10,Salisbury,3/11/2021,30.93228908,8.148699725,19.39567684
11,Salisbury,3/12/2021,30.67186844,7.867285137,19.01073678
12,Salisbury,3/13/2021,29.63708596,6.445201263,18.62579672
13,Salisbury,3/14/2021,29.38562486,7.117181067,18.24085666
14,Salisbury,3/15/2021,28.65117027,6.897747878,17.8559166
15,Salisbury,3/16/2021,29.31423137,6.495942461,17.47097654
16,Salisbury,3/17/2021,27.97771446,5.782295869,17.08603648
17,Salisbury,3/18/2021,27.35128349,4.300164152,16.70109642
18,Salisbury,3/19/2021,28.39597125,5.751095246,16.31615636
19,San Marcos,3/11/2021,31.71317368,13.01816131,22.39746979
20,San Marcos,3/12/2021,31.23562139,14.23399972,22.39191733
21,San Marcos,3/13/2021,31.42313811,14.07204971,22.38636488
22,San Marcos,3/14/2021,31.55233925,13.47106377,22.38081243
23,San Marcos,3/15/2021,31.27802324,13.94487299,22.37525998
24,San Marcos,3/16/2021,31.77825501,13.58059882,22.36970752
25,San Marcos,3/17/2021,30.7303117,13.36737438,22.36415507
26,San Marcos,3/18/2021,30.85459948,13.46707566,22.35860262
27,San Marcos,3/19/2021,31.22832779,13.27553114,22.35305017
28,Schillinger,3/11/2021,19.52796699,3.892806116,11.86546784
29,Schillinger,3/12/2021,17.65590755,2.033692678,9.572127216
30,Schillinger,3/13/2021,15.34632801,-0.806946793,7.27878659
31,Schillinger,3/14/2021,12.89808838,-2.852898418,4.985445964
32,Schillinger,3/15/2021,10.09627725,-5.574325645,2.692105338
33,Schillinger,3/16/2021,8.611405727,-8.181556759,0.398764712
34,Schillinger,3/17/2021,5.758892238,-9.963646083,-1.894575914
35,Schillinger,3/18/2021,3.049622676,-12.86783201,-4.18791654
36,Schillinger,3/19/2021,1.378851217,-14.3861747,-6.481257166
37,Silver Hill,3/11/2021,35.11227235,14.6934083,24.90155879
38,Silver Hill,3/12/2021,34.06326221,15.59737292,24.23877042
39,Silver Hill,3/13/2021,32.90542575,14.30952912,23.57598206
40,Silver Hill,3/14/2021,33.11687034,13.59859588,22.91319369
41,Silver Hill,3/15/2021,31.38809725,12.27542752,22.25040532
42,Silver Hill,3/16/2021,32.24675222,11.6109034,21.58761696
43,Silver Hill,3/17/2021,31.02122991,10.71982809,20.92482859
44,Silver Hill,3/18/2021,29.91967111,10.10549382,20.26204023
45,Silver Hill,3/19/2021,29.89063049,10.28139586,19.59925186
46,Stan Schlueter,3/11/2021,44.02678198,28.34027543,36.07237354
47,Stan Schlueter,3/12/2021,43.16407282,27.96262356,35.48508474
48,Stan Schlueter,3/13/2021,42.4780812,27.50233921,34.89779594
49,Stan Schlueter,3/14/2021,41.79300558,26.98951712,34.31050714
50,Stan Schlueter,3/15/2021,41.21255078,26.04254905,33.72321834
51,Stan Schlueter,3/16/2021,40.79310918,25.27037554,33.13592954
52,Stan Schlueter,3/17/2021,40.25672348,25.10901192,32.54864074
53,Stan Schlueter,3/18/2021,39.74607084,23.8882599,31.96135194
54,Stan Schlueter,3/19/2021,39.05472344,23.67159538,31.37406314
55,Sunshine Strip,3/11/2021,31.3283362,8.4882964,20.20449587
56,Sunshine Strip,3/12/2021,29.15583029,7.524131246,18.78594317
57,Sunshine Strip,3/13/2021,28.26631815,6.14023441,17.36739046
58,Sunshine Strip,3/14/2021,27.33457346,5.196036842,15.94883775
59,Sunshine Strip,3/15/2021,26.34642714,3.374128366,14.53028504
60,Sunshine Strip,3/16/2021,24.33467038,1.587422682,13.11173234
61,Sunshine Strip,3/17/2021,21.48632464,0.346712258,11.69317963
62,Sunshine Strip,3/18/2021,21.59884336,-0.989857273,10.27462692
63,Sunshine Strip,3/19/2021,19.20968727,-1.647982705,8.856074214
64,Sussex Hwy,3/11/2021,18.13204704,3.818567229,10.87195517
65,Sussex Hwy,3/12/2021,17.73326394,3.454533945,10.70991535
66,Sussex Hwy,3/13/2021,17.15443536,3.068810249,10.54787554
67,Sussex Hwy,3/14/2021,18.28515357,3.712368669,10.38583573
68,Sussex Hwy,3/15/2021,17.29068234,2.955506342,10.22379591
69,Sussex Hwy,3/16/2021,17.12439082,2.684602954,10.0617561
70,Sussex Hwy,3/17/2021,16.95903753,2.332137413,9.899716288
71,Sussex Hwy,3/18/2021,17.15435665,2.718521408,9.737676475
72,Sussex Hwy,3/19/2021,17.06666706,2.333071483,9.575636662
73,Texarkana,3/11/2021,46.34942771,18.75313063,32.60820043
74,Texarkana,3/12/2021,44.74824003,16.63236924,30.79834941
75,Texarkana,3/13/2021,42.74832193,14.26495029,28.98849838
76,Texarkana,3/14/2021,40.50858227,13.27543043,27.17864736
77,Texarkana,3/15/2021,39.76987032,11.80553176,25.36879634
78,Texarkana,3/16/2021,36.63153204,9.530732542,23.55894532
79,Texarkana,3/17/2021,36.11170537,6.823581035,21.74909429
80,Texarkana,3/18/2021,34.1213759,7.146544278,19.93924327
81,Texarkana,3/19/2021,32.91160394,4.860392469,18.12939225
82,Urbana,3/11/2021,15.98076958,1.667887139,8.966196239
83,Urbana,3/12/2021,15.35361413,1.8616559,8.605548812
84,Urbana,3/13/2021,15.177539,1.466222164,8.244901386
85,Urbana,3/14/2021,14.70750305,0.626069084,7.884253959
86,Urbana,3/15/2021,14.98193631,0.845932304,7.523606532
87,Urbana,3/16/2021,14.25552966,0.230896396,7.162959106
88,Urbana,3/17/2021,13.81452387,-0.225457979,6.802311679
89,Urbana,3/18/2021,13.48836019,-0.228035142,6.441664253
90,Urbana,3/19/2021,13.36961787,-0.404050856,6.081016826
91,Uvalde,3/11/2021,34.4068797,17.00103758,25.67239909
92,Uvalde,3/12/2021,34.35380152,17.05859273,25.74083638
93,Uvalde,3/13/2021,34.54546768,16.97242389,25.80927367
94,Uvalde,3/14/2021,34.86090735,17.1453338,25.87771096
95,Uvalde,3/15/2021,35.16106267,17.04177308,25.94614824
96,Uvalde,3/16/2021,34.5690876,17.55739288,26.01458553
97,Uvalde,3/17/2021,34.82283184,17.20762182,26.08302282
98,Uvalde,3/18/2021,34.79137907,17.71850975,26.1514601
99,Uvalde,3/19/2021,35.02746045,17.03081593,26.21989739
100,Wadsworth,3/11/2021,12.39479646,0.818514933,6.491608601
101,Wadsworth,3/12/2021,11.95119022,0.102004413,6.212582091
102,Wadsworth,3/13/2021,12.03660118,-0.136635245,5.93355558
103,Wadsworth,3/14/2021,11.72283857,0.044497426,5.654529069
104,Wadsworth,3/15/2021,11.0751574,-0.646496961,5.375502559
105,Wadsworth,3/16/2021,10.63874314,-0.970468453,5.096476048
106,Wadsworth,3/17/2021,10.58599392,-1.572213458,4.817449537
107,Wadsworth,3/18/2021,10.63092292,-1.287186685,4.538423027
108,Wadsworth,3/19/2021,10.31051286,-1.808737859,4.259396516
109,West Helena,3/11/2021,21.02925855,6.159943081,14.08674534
110,West Helena,3/12/2021,20.5364495,5.180719442,12.72764472
111,West Helena,3/13/2021,18.20996228,4.053243022,11.3685441
112,West Helena,3/14/2021,17.86720338,1.858816679,10.00944348
113,West Helena,3/15/2021,16.45459829,1.203346793,8.650342855
114,West Helena,3/16/2021,14.97578981,-0.184197257,7.291242234
115,West Helena,3/17/2021,14.0852364,-1.731794189,5.932141612
116,West Helena,3/18/2021,12.32183213,-2.6819872,4.573040991
117,West Helena,3/19/2021,10.2226553,-4.636484299,3.213940369
118,Westgate Plaza,3/11/2021,20.24936336,12.28715518,16.27987352
119,Westgate Plaza,3/12/2021,20.0394574,12.42265675,16.24731278
120,Westgate Plaza,3/13/2021,19.96072656,12.34292473,16.21475205
121,Westgate Plaza,3/14/2021,19.97494666,12.49291914,16.18219131
122,Westgate Plaza,3/15/2021,19.99493085,12.2446803,16.14963058
123,Westgate Plaza,3/16/2021,19.79810389,12.41848648,16.11706984
124,Westgate Plaza,3/17/2021,19.90146679,12.31125147,16.08450911
125,Westgate Plaza,3/18/2021,19.95152507,12.42049488,16.05194837
126,Westgate Plaza,3/19/2021,19.57632682,12.22317379,16.01938764
127,Westheimer Commons,3/11/2021,17.39820252,4.27830282,10.98131897
128,Westheimer Commons,3/12/2021,15.50994139,2.183422109,8.997123125
129,Westheimer Commons,3/13/2021,13.63068282,0.241408157,7.012927284
130,Westheimer Commons,3/14/2021,11.99155849,-1.380224096,5.028731443
131,Westheimer Commons,3/15/2021,9.433008369,-3.590892943,3.044535602
132,Westheimer Commons,3/16/2021,7.401631286,-5.239470018,1.060339761
133,Westheimer Commons,3/17/2021,5.741661173,-7.250765919,-0.92385608
134,Westheimer Commons,3/18/2021,3.931157359,-9.641260243,-2.908051922
135,Westheimer Commons,3/19/2021,1.931184705,-11.34409,-4.892247763
136,Wheaton,3/11/2021,32.44597347,13.60612721,22.75809253
137,Wheaton,3/12/2021,32.67230395,14.21683646,22.91087746
138,Wheaton,3/13/2021,31.84187844,13.93192084,23.06366239
139,Wheaton,3/14/2021,32.83072505,13.49179267,23.21644732
140,Wheaton,3/15/2021,32.32767493,14.09326295,23.36923226
141,Wheaton,3/16/2021,33.26653407,14.62825824,23.52201719
142,Wheaton,3/17/2021,33.43182004,14.67678662,23.67480212
143,Wheaton,3/18/2021,33.57890146,14.61470487,23.82758705
144,Wheaton,3/19/2021,32.64299088,14.94680214,23.98037198
145,2nd Ave,3/11/2021,26.49541668,9.413681153,17.92619571
146,2nd Ave,3/12/2021,24.45119597,6.897177962,15.90151095
147,2nd Ave,3/13/2021,22.07450836,5.039614,13.87682619
148,2nd Ave,3/14/2021,20.56589732,2.640410815,11.85214143
149,2nd Ave,3/15/2021,18.56502542,0.903888512,9.827456672
150,2nd Ave,3/16/2021,16.30908554,-1.390937417,7.802771911
151,2nd Ave,3/17/2021,14.32456737,-2.935985797,5.778087151
152,2nd Ave,3/18/2021,12.40453019,-5.053349231,3.753402391
153,2nd Ave,3/19/2021,10.24918845,-6.758938048,1.72871763
154,65th Street,3/11/2021,22.99621885,2.860594076,13.02755547
155,65th Street,3/12/2021,22.04606768,1.850816911,11.92540632
156,65th Street,3/13/2021,20.95966382,0.918653742,10.82325718
157,65th Street,3/14/2021,19.54207336,0.044056101,9.721108032
158,65th Street,3/15/2021,18.26968817,-1.495879436,8.618958887
159,65th Street,3/16/2021,17.30027078,-1.850692165,7.516809742
160,65th Street,3/17/2021,16.86169695,-3.579937466,6.414660596
161,65th Street,3/18/2021,15.37369133,-4.706693136,5.312511451
162,65th Street,3/19/2021,14.46510007,-5.239188056,4.210362306
163,Algonquin Rd,3/11/2021,19.75526775,12.84783442,16.41966754
164,Algonquin Rd,3/12/2021,18.57216336,11.6141133,15.10380685
165,Algonquin Rd,3/13/2021,17.3539952,10.21573257,13.78794616
166,Algonquin Rd,3/14/2021,15.90974301,8.870248552,12.47208546
167,Algonquin Rd,3/15/2021,14.65126737,7.52536812,11.15622477
168,Algonquin Rd,3/16/2021,13.3548282,6.543895827,9.840364077
169,Algonquin Rd,3/17/2021,11.99613602,5.166740661,8.524503384
170,Algonquin Rd,3/18/2021,10.6862364,3.855462228,7.208642691
171,Algonquin Rd,3/19/2021,9.354680511,2.735061032,5.892781998
172,Archer,3/11/2021,33.92935984,15.3051369,24.95874676
173,Archer,3/12/2021,33.15096877,14.7180473,23.66248813
174,Archer,3/13/2021,31.20323898,12.88861061,22.36622949
175,Archer,3/14/2021,30.36206653,11.42579134,21.06997086
176,Archer,3/15/2021,29.33172448,11.11009953,19.77371223
177,Archer,3/16/2021,27.08894795,8.690781537,18.4774536
178,Archer,3/17/2021,26.55511392,8.42456117,17.18119496
179,Archer,3/18/2021,24.98144314,6.705088637,15.88493633
180,Archer,3/19/2021,24.18387579,5.689128558,14.5886777
181,Barberton,3/11/2021,13.30612471,-2.120197179,5.867937927
182,Barberton,3/12/2021,13.27015748,-2.625707355,4.795748411
183,Barberton,3/13/2021,11.6935238,-4.542274812,3.723558895
184,Barberton,3/14/2021,10.35058119,-5.414963747,2.651369379
185,Barberton,3/15/2021,9.428221007,-6.438010454,1.579179864
186,Barberton,3/16/2021,8.10518345,-7.45480688,0.506990348
187,Barberton,3/17/2021,7.138270897,-8.798482018,-0.565199168
188,Barberton,3/18/2021,5.794222126,-9.549517911,-1.637388684
189,Barberton,3/19/2021,5.573383654,-11.01633362,-2.709578199
190,Bluefield,3/11/2021,14.5499426,-4.980393005,4.529405595
191,Bluefield,3/12/2021,11.10946999,-8.135842455,1.041624439
192,Bluefield,3/13/2021,7.659212784,-10.90284231,-2.446156716
193,Bluefield,3/14/2021,3.653403013,-15.75641573,-5.933937872
194,Bluefield,3/15/2021,0.435079032,-18.21044664,-9.421719028
195,Bluefield,3/16/2021,-3.788664435,-22.14516765,-12.90950018
196,Bluefield,3/17/2021,-6.650433992,-26.50115574,-16.39728134
197,Bluefield,3/18/2021,-10.15769808,-29.61000825,-19.8850625
198,Bluefield,3/19/2021,-14.21146399,-32.80651508,-23.37284365
199,Bristol,3/11/2021,12.2410074,-2.879831475,4.265801458
200,Bristol,3/12/2021,8.649875429,-5.86019809,1.384324513
201,Bristol,3/13/2021,5.642842052,-8.353154843,-1.497152432
202,Bristol,3/14/2021,2.997322333,-11.42113386,-4.378629377
203,Bristol,3/15/2021,-0.100741532,-14.63961685,-7.260106322
204,Bristol,3/16/2021,-2.435590766,-17.5092675,-10.14158327
205,Bristol,3/17/2021,-5.928594827,-20.75177192,-13.02306021
206,Bristol,3/18/2021,-8.61276661,-23.36216119,-15.90453716
207,Bristol,3/19/2021,-11.12090838,-26.36008803,-18.7860141
208,Copley,3/11/2021,9.918707854,1.541258646,5.926821172
209,Copley,3/12/2021,9.625477709,1.426774528,5.579030327
210,Copley,3/13/2021,9.130456726,1.218116602,5.231239481
211,Copley,3/14/2021,8.899187392,0.919782102,4.883448635
212,Copley,3/15/2021,8.594577741,0.357678671,4.535657789
213,Copley,3/16/2021,8.326820019,0.106227405,4.187866944
214,Copley,3/17/2021,8.212224788,-0.622341414,3.840076098
215,Copley,3/18/2021,7.645449583,-0.554361592,3.492285252
216,Copley,3/19/2021,7.316979189,-1.082012018,3.144494406
217,Cranston,3/11/2021,20.26858579,6.134804104,13.08262107
218,Cranston,3/12/2021,20.46618223,6.320430417,13.36727447
219,Cranston,3/13/2021,20.63210074,6.998255157,13.65192787
220,Cranston,3/14/2021,21.11832536,6.324805406,13.93658127
221,Cranston,3/15/2021,21.74203772,6.890299632,14.22123467
222,Cranston,3/16/2021,21.99188517,7.074248368,14.50588807
223,Cranston,3/17/2021,22.45076833,7.58570372,14.79054147
224,Cranston,3/18/2021,22.42805823,7.68282821,15.07519487
225,Cranston,3/19/2021,23.11637663,8.023386847,15.35984828
226,Crest Hill,3/11/2021,15.97030718,7.933310961,12.05972993
227,Crest Hill,3/12/2021,15.70526507,7.782675275,11.81923313
228,Crest Hill,3/13/2021,15.33982737,7.462059248,11.57873633
229,Crest Hill,3/14/2021,15.39206163,7.656951308,11.33823953
230,Crest Hill,3/15/2021,14.94380201,7.052596065,11.09774273
231,Crest Hill,3/16/2021,15.01783513,6.762206335,10.85724593
232,Crest Hill,3/17/2021,14.46255364,6.694751655,10.61674913
233,Crest Hill,3/18/2021,14.26318237,6.672675414,10.37625233
234,Crest Hill,3/19/2021,14.04844174,6.165309473,10.13575553
235,Cromer,3/11/2021,21.40075516,2.929318296,12.50212551
236,Cromer,3/12/2021,21.07317852,2.318805433,11.35946306
237,Cromer,3/13/2021,20.57943244,0.880501347,10.2168006
238,Cromer,3/14/2021,18.02253548,-0.460704151,9.07413815
239,Cromer,3/15/2021,17.84349873,-1.850417908,7.931475697
240,Cromer,3/16/2021,15.90024878,-2.754554922,6.788813243
241,Cromer,3/17/2021,15.26782986,-3.878105104,5.646150789
242,Cromer,3/18/2021,14.36280801,-5.36144513,4.503488336
243,Cromer,3/19/2021,13.40889546,-5.76399828,3.360825882
244,Dover,3/11/2021,14.61638224,4.070574421,9.627043395
245,Dover,3/12/2021,13.40930971,2.392578754,7.552040714
246,Dover,3/13/2021,10.80459148,0.397847397,5.477038032
247,Dover,3/14/2021,8.514997001,-2.437998313,3.402035351
248,Dover,3/15/2021,6.427952996,-3.954047252,1.327032669
249,Dover,3/16/2021,4.299285727,-6.410715156,-0.747970012
250,Dover,3/17/2021,2.386786429,-8.306986841,-2.822972693
251,Dover,3/18/2021,0.823165871,-9.863548181,-4.897975375
252,Dover,3/19/2021,-1.528379254,-12.69515188,-6.972978056
253,Dudley Farms,3/11/2021,7.823958024,-4.927449381,1.529178613
254,Dudley Farms,3/12/2021,7.027536301,-5.763597729,0.519568483
255,Dudley Farms,3/13/2021,6.139692616,-6.695775077,-0.490041646
256,Dudley Farms,3/14/2021,5.050120902,-7.825762884,-1.499651776
257,Dudley Farms,3/15/2021,4.038645427,-8.860768353,-2.509261905
258,Dudley Farms,3/16/2021,3.001102374,-9.663524147,-3.518872035
259,Dudley Farms,3/17/2021,2.159161927,-11.59166463,-4.528482164
260,Dudley Farms,3/18/2021,1.150947876,-11.82376903,-5.538092294
261,Dudley Farms,3/19/2021,-0.367406782,-12.71906685,-6.547702423
262,DuPont,3/11/2021,29.97201882,17.34358468,23.68587077
263,DuPont,3/12/2021,29.32113165,17.39905201,23.38496785
264,DuPont,3/13/2021,29.07571056,16.88782144,23.08406494
265,DuPont,3/14/2021,28.66087608,16.57612631,22.78316202
266,DuPont,3/15/2021,28.93202716,16.52284043,22.48225911
267,DuPont,3/16/2021,28.86654847,15.76344866,22.18135619
268,DuPont,3/17/2021,27.86741581,15.90895613,21.88045327
269,DuPont,3/18/2021,27.24319538,15.33018836,21.57955036
270,DuPont,3/19/2021,27.32753722,14.86716047,21.27864744
271,Durham,3/11/2021,32.30425509,15.83719988,23.94993348
272,Durham,3/12/2021,32.45181567,15.62093018,23.91384814
273,Durham,3/13/2021,32.86909471,15.41276969,23.8777628
274,Durham,3/14/2021,32.9017316,15.01782495,23.84167746
275,Durham,3/15/2021,32.1304158,14.93431556,23.80559212
276,Durham,3/16/2021,32.33911204,15.24899848,23.76950679
277,Durham,3/17/2021,32.35884792,15.47524666,23.73342145
278,Durham,3/18/2021,33.12661273,15.53256868,23.69733611
279,Durham,3/19/2021,32.46211665,15.38067814,23.66125077
280,E Rancier,3/11/2021,20.41105017,4.315417389,12.60024463
281,E Rancier,3/12/2021,17.0805251,1.122759526,9.188355759
282,E Rancier,3/13/2021,13.90165303,-1.528980274,5.77646689
283,E Rancier,3/14/2021,9.933980782,-5.685171672,2.364578021
284,E Rancier,3/15/2021,6.890191834,-8.549177616,-1.047310847
285,E Rancier,3/16/2021,3.270439377,-11.76300435,-4.459199716
286,E Rancier,3/17/2021,-0.028760909,-15.313346,-7.871088584
287,E Rancier,3/18/2021,-3.454884175,-19.18450293,-11.28297745
288,E Rancier,3/19/2021,-7.210302546,-22.6511004,-14.69486632
289,Edinburg,3/11/2021,22.42162285,12.42094863,17.06225241
290,Edinburg,3/12/2021,21.4150862,11.81286116,16.6307064
291,Edinburg,3/13/2021,21.23438278,11.52545893,16.19916039
292,Edinburg,3/14/2021,20.59191589,10.96245562,15.76761437
293,Edinburg,3/15/2021,20.19443506,10.39461424,15.33606836
294,Edinburg,3/16/2021,20.1341183,10.08322466,14.90452235
295,Edinburg,3/17/2021,19.57608663,9.681822849,14.47297633
296,Edinburg,3/18/2021,18.92251151,9.116698475,14.04143032
297,Edinburg,3/19/2021,18.29235654,8.735499729,13.60988431
298,Edwin Miller,3/11/2021,5.552771386,-4.082854924,0.735633447
299,Edwin Miller,3/12/2021,4.009586189,-5.190268015,-0.364893967
300,Edwin Miller,3/13/2021,3.560554703,-6.355023945,-1.465421381
301,Edwin Miller,3/14/2021,2.093712484,-7.296147371,-2.565948795
302,Edwin Miller,3/15/2021,1.362005553,-8.03099493,-3.666476208
303,Edwin Miller,3/16/2021,0.219081565,-9.236374428,-4.767003622
304,Edwin Miller,3/17/2021,-1.099565669,-10.50426666,-5.867531036
305,Edwin Miller,3/18/2021,-2.286982294,-12.02745528,-6.96805845
306,Edwin Miller,3/19/2021,-3.182451341,-12.97471034,-8.068585864
307,F st,3/11/2021,28.81415491,14.72001713,21.85595488
308,F st,3/12/2021,28.2687175,14.97958699,21.49331586
309,F st,3/13/2021,28.40914911,14.21420603,21.13067683
310,F st,3/14/2021,28.28476933,13.78255654,20.7680378
311,F st,3/15/2021,26.60420935,13.33524157,20.40539877
312,F st,3/16/2021,26.77058587,13.48029315,20.04275974
313,F st,3/17/2021,26.2697711,12.90528409,19.68012071
314,F st,3/18/2021,25.51614226,11.8900321,19.31748168
315,F st,3/19/2021,25.69537136,11.72157742,18.95484265
316,Fairmont,3/11/2021,9.503299596,-2.628051565,3.429904073
317,Fairmont,3/12/2021,7.845661804,-5.117720148,1.340240718
318,Fairmont,3/13/2021,5.523898447,-6.688873771,-0.749422636
319,Fairmont,3/14/2021,3.558537774,-9.22850932,-2.83908599
320,Fairmont,3/15/2021,1.128413876,-10.99724619,-4.928749344
321,Fairmont,3/16/2021,-0.210685881,-13.19253222,-7.018412699
322,Fairmont,3/17/2021,-2.615781955,-15.19287791,-9.108076053
323,Fairmont,3/18/2021,-4.517664408,-17.58393957,-11.19773941
324,Fairmont,3/19/2021,-6.903642958,-19.57196691,-13.28740276
325,Franklin Park,3/11/2021,10.09582932,3.560145493,7.051780171
326,Franklin Park,3/12/2021,10.37385959,3.488523996,7.084306442
327,Franklin Park,3/13/2021,10.4506922,3.477347646,7.116832713
328,Franklin Park,3/14/2021,10.47988777,3.802805435,7.149358983
329,Franklin Park,3/15/2021,10.30691141,3.678330576,7.181885254
330,Franklin Park,3/16/2021,10.48716165,3.682122033,7.214411525
331,Franklin Park,3/17/2021,10.47841013,4.014976448,7.246937795
332,Franklin Park,3/18/2021,10.91545406,3.855675117,7.279464066
333,Franklin Park,3/19/2021,10.67041792,4.130578074,7.311990337
334,Fruitland,3/11/2021,25.26455562,11.49647424,18.31308011
335,Fruitland,3/12/2021,24.75580397,11.21920612,18.39835066
336,Fruitland,3/13/2021,25.20762801,11.81956924,18.48362122
337,Fruitland,3/14/2021,24.67326216,11.50809338,18.56889177
338,Fruitland,3/15/2021,25.45902672,12.00449877,18.65416233
339,Fruitland,3/16/2021,25.47022728,12.05958675,18.73943288
340,Fruitland,3/17/2021,25.49980755,11.86799968,18.82470344
341,Fruitland,3/18/2021,26.03864229,12.4327793,18.90997399
342,Fruitland,3/19/2021,25.62354393,12.87362147,18.99524455
343,Gatesville,3/11/2021,15.46116129,9.205669582,12.30641172
344,Gatesville,3/12/2021,13.14165727,6.490785073,9.813492969
345,Gatesville,3/13/2021,10.37599844,4.335623779,7.320574215
346,Gatesville,3/14/2021,7.892855362,1.726012798,4.827655461
347,Gatesville,3/15/2021,5.373536157,-1.024978064,2.334736706
348,Gatesville,3/16/2021,2.932237636,-3.313700256,-0.158182048
349,Gatesville,3/17/2021,0.271790243,-5.724309301,-2.651100802
350,Gatesville,3/18/2021,-2.000051716,-8.386088797,-5.144019556
351,Gatesville,3/19/2021,-4.537407583,-10.8103228,-7.63693831
352,Georgetown,3/11/2021,40.04788756,23.63846596,31.78412028
353,Georgetown,3/12/2021,39.92995786,23.94259402,31.85257362
354,Georgetown,3/13/2021,39.79739928,23.78687963,31.92102696
355,Georgetown,3/14/2021,41.06996468,23.51943053,31.9894803
356,Georgetown,3/15/2021,39.45636638,23.48544216,32.05793365
357,Georgetown,3/16/2021,39.89118863,24.21582974,32.12638699
358,Georgetown,3/17/2021,40.36109319,24.22421933,32.19484033
359,Georgetown,3/18/2021,40.40355057,24.38555049,32.26329368
360,Georgetown,3/19/2021,41.32932083,24.57178637,32.33174702
361,Gessner,3/11/2021,41.03004018,15.85463383,28.76677384
362,Gessner,3/12/2021,40.84373343,15.85228072,28.05452208
363,Gessner,3/13/2021,40.56067037,14.54339617,27.34227032
364,Gessner,3/14/2021,39.22421144,13.31311039,26.63001855
365,Gessner,3/15/2021,38.3664616,12.45679929,25.91776679
366,Gessner,3/16/2021,38.03686126,11.37533806,25.20551503
367,Gessner,3/17/2021,39.02593128,12.19614404,24.49326327
368,Gessner,3/18/2021,37.13352119,11.44611862,23.78101151
369,Gessner,3/19/2021,36.1398605,10.29697021,23.06875975
370,Grand Ave,3/11/2021,19.70403488,7.045360365,13.43002931
371,Grand Ave,3/12/2021,18.65304401,5.466836311,12.64998806
372,Grand Ave,3/13/2021,18.02454676,5.67602763,11.8699468
373,Grand Ave,3/14/2021,17.13559795,4.348592436,11.08990555
374,Grand Ave,3/15/2021,16.69710756,3.945985418,10.3098643
375,Grand Ave,3/16/2021,15.90417331,3.412950876,9.529823045
376,Grand Ave,3/17/2021,15.45083178,2.557505155,8.749781792
377,Grand Ave,3/18/2021,14.29669369,1.77427473,7.969740539
378,Grand Ave,3/19/2021,13.50392904,0.732257596,7.189699287
379,Hamden,3/11/2021,31.97652353,15.02803392,22.86514823
380,Hamden,3/12/2021,30.73447949,15.00267801,22.75806941
381,Hamden,3/13/2021,31.05158472,14.91359671,22.65099058
382,Hamden,3/14/2021,30.53643659,14.14930584,22.54391176
383,Hamden,3/15/2021,30.51245501,14.71710566,22.43683293
384,Hamden,3/16/2021,29.8816858,14.13963146,22.3297541
385,Hamden,3/17/2021,30.15293606,14.05396496,22.22267528
386,Hamden,3/18/2021,30.23506483,14.75611839,22.11559645
387,Hamden,3/19/2021,30.12360417,13.5604129,22.00851763
388,Hanson,3/11/2021,24.13084655,8.116971434,15.97516306
389,Hanson,3/12/2021,21.83391519,6.417611771,14.23756922
390,Hanson,3/13/2021,20.50774278,4.84999679,12.49997538
391,Hanson,3/14/2021,18.77591426,3.402695709,10.76238153
392,Hanson,3/15/2021,16.95963913,1.088032368,9.024787689
393,Hanson,3/16/2021,14.86939025,-0.412551163,7.287193845
394,Hanson,3/17/2021,13.10915027,-1.907715094,5.549600001
395,Hanson,3/18/2021,11.38511251,-4.400703927,3.812006158
396,Hanson,3/19/2021,9.618594506,-6.412233919,2.074412314
397,Heber Springs,3/11/2021,22.91236211,9.95352294,16.51196971
398,Heber Springs,3/12/2021,21.59116208,7.511354425,14.77225016
399,Heber Springs,3/13/2021,19.78099727,6.791938606,13.03253061
400,Heber Springs,3/14/2021,17.99450159,5.133194901,11.29281106
401,Heber Springs,3/15/2021,16.12568403,2.799719892,9.553091507
402,Heber Springs,3/16/2021,14.11695078,1.124746411,7.813371957
403,Heber Springs,3/17/2021,12.85609496,-0.955040598,6.073652408
404,Heber Springs,3/18/2021,11.13868705,-2.457724633,4.333932858
405,Heber Springs,3/19/2021,9.168610915,-3.404207429,2.594213309
406,Homewood,3/11/2021,15.19879314,7.32102951,11.20177441
407,Homewood,3/12/2021,14.56347083,7.220331733,10.82019278
408,Homewood,3/13/2021,14.17749851,6.450412969,10.43861114
409,Homewood,3/14/2021,14.02967056,5.944436748,10.05702951
410,Homewood,3/15/2021,13.20732317,5.818627496,9.675447873
411,Homewood,3/16/2021,13.023016,5.540763575,9.293866237
412,Homewood,3/17/2021,12.66336934,5.158439217,8.912284602
413,Homewood,3/18/2021,12.40697784,5.009192904,8.530702966
414,Homewood,3/19/2021,11.9246877,4.454172766,8.149121331
415,Hwy 82,3/11/2021,43.16400753,18.77073294,31.0359024
416,Hwy 82,3/12/2021,42.52945804,19.26610263,30.42424469
417,Hwy 82,3/13/2021,41.64288565,18.22518765,29.81258697
418,Hwy 82,3/14/2021,40.32117312,16.7717273,29.20092926
419,Hwy 82,3/15/2021,40.37782515,17.22763781,28.58927154
420,Hwy 82,3/16/2021,39.27665774,15.78493609,27.97761383
421,Hwy 82,3/17/2021,38.98599525,15.12355519,27.36595611
422,Hwy 82,3/18/2021,39.4735434,15.08280614,26.75429839
423,Hwy 82,3/19/2021,37.88771091,14.46439967,26.14264068
424,Hwy 215,3/11/2021,34.38242337,14.68222885,24.24926833
425,Hwy 215,3/12/2021,35.17523431,12.98276541,23.72173453
426,Hwy 215,3/13/2021,33.25968559,12.68129776,23.19420073
427,Hwy 215,3/14/2021,33.17250387,12.58113502,22.66666693
428,Hwy 215,3/15/2021,32.44782769,10.08417497,22.13913314
429,Hwy 215,3/16/2021,31.55808933,11.57916858,21.61159934
430,Hwy 215,3/17/2021,30.99439825,11.40266466,21.08406554
431,Hwy 215,3/18/2021,30.79003779,9.933976574,20.55653174
432,Hwy 215,3/19/2021,30.88557491,9.779195349,20.02899794
433,Indianola,3/11/2021,14.65124505,-1.585217486,6.530975279
434,Indianola,3/12/2021,12.61249923,-4.695326106,4.088107382
435,Indianola,3/13/2021,9.452072334,-6.745030551,1.645239486
436,Indianola,3/14/2021,7.327858296,-9.138291588,-0.79762841
437,Indianola,3/15/2021,5.116971961,-11.40957026,-3.240496307
438,Indianola,3/16/2021,2.268622594,-14.07515656,-5.683364203
439,Indianola,3/17/2021,-0.502333947,-15.95950153,-8.126232099
440,Indianola,3/18/2021,-1.90209085,-18.01469786,-10.5691
441,Indianola,3/19/2021,-5.202236671,-21.43097376,-13.01196789
442,Jonesboro,3/11/2021,28.32521594,11.30008861,19.85378917
443,Jonesboro,3/12/2021,26.32158814,10.2804689,18.40639368
444,Jonesboro,3/13/2021,25.3362877,8.029886175,16.95899819
445,Jonesboro,3/14/2021,24.30254511,6.597636175,15.51160269
446,Jonesboro,3/15/2021,21.46366206,5.441773071,14.0642072
447,Jonesboro,3/16/2021,22.02518689,4.460769744,12.61681171
448,Jonesboro,3/17/2021,19.86383308,2.863151938,11.16941622
449,Jonesboro,3/18/2021,18.37930983,0.970964281,9.722020725
450,Jonesboro,3/19/2021,17.23133907,-0.680586588,8.274625233
451,Lamar Ave,3/11/2021,28.67666808,9.510351863,18.25606548
452,Lamar Ave,3/12/2021,24.87274876,4.923882221,14.9828013
453,Lamar Ave,3/13/2021,21.88630805,1.517893249,11.70953711
454,Lamar Ave,3/14/2021,17.96564537,-2.025674235,8.436272933
455,Lamar Ave,3/15/2021,15.93157659,-4.669916419,5.16300875
456,Lamar Ave,3/16/2021,11.51469324,-8.194940024,1.889744568
457,Lamar Ave,3/17/2021,9.623028933,-11.76637943,-1.383519614
458,Lamar Ave,3/18/2021,5.482069088,-15.07966887,-4.656783796
459,Lamar Ave,3/19/2021,1.234598541,-18.48783208,-7.930047979
460,Lanett,3/11/2021,5.657803315,-4.634029532,0.552089234
461,Lanett,3/12/2021,3.272147136,-6.097915035,-1.092955109
462,Lanett,3/13/2021,2.375271731,-7.632850333,-2.737999452
463,Lanett,3/14/2021,0.464403782,-9.45087452,-4.383043795
464,Lanett,3/15/2021,-0.983053061,-11.5552957,-6.028088138
465,Lanett,3/16/2021,-3.082386315,-12.55683495,-7.673132482
466,Lanett,3/17/2021,-4.59179736,-14.06020984,-9.318176825
467,Lanett,3/18/2021,-5.925251345,-15.54633859,-10.96322117
468,Lanett,3/19/2021,-7.480958267,-17.63600475,-12.60826551
469,Lawndale,3/11/2021,29.52944638,12.02094308,20.78560624
470,Lawndale,3/12/2021,29.86403076,12.7386824,20.85469178
471,Lawndale,3/13/2021,30.34234543,12.43658896,20.92377732
472,Lawndale,3/14/2021,30.3010331,11.76559386,20.99286286
473,Lawndale,3/15/2021,29.50427753,11.96891181,21.06194839
474,Lawndale,3/16/2021,30.54582986,11.90950422,21.13103393
475,Lawndale,3/17/2021,30.33158012,12.48345532,21.20011947
476,Lawndale,3/18/2021,29.99950268,11.77090443,21.269205
477,Lawndale,3/19/2021,30.56026755,12.22504225,21.33829054
478,Lewisburg,3/11/2021,18.46302401,4.14486474,11.2694353
479,Lewisburg,3/12/2021,16.02062367,2.017278988,9.590654951
480,Lewisburg,3/13/2021,15.10898998,1.113097001,7.9118746
481,Lewisburg,3/14/2021,12.75065162,-1.035571156,6.233094248
482,Lewisburg,3/15/2021,11.5641586,-2.575889675,4.554313896
483,Lewisburg,3/16/2021,10.19534162,-4.745645734,2.875533544
484,Lewisburg,3/17/2021,8.165992184,-5.386526221,1.196753192
485,Lewisburg,3/18/2021,6.49998722,-7.463310253,-0.482027159
486,Lewisburg,3/19/2021,4.819856122,-9.741067768,-2.160807511
487,Mattoon,3/11/2021,22.54871397,8.161968914,15.57661986
488,Mattoon,3/12/2021,23.46181658,9.354012882,16.09613983
489,Mattoon,3/13/2021,23.96974463,9.866555938,16.6156598
490,Mattoon,3/14/2021,24.31784703,10.17033277,17.13517977
491,Mattoon,3/15/2021,24.69330084,10.4453582,17.65469974
492,Mattoon,3/16/2021,24.82582339,10.56748888,18.17421971
493,Mattoon,3/17/2021,25.53019862,11.81544898,18.69373968
494,Mattoon,3/18/2021,25.42445674,12.08635434,19.21325965
495,Mattoon,3/19/2021,26.74953262,12.72740639,19.73277962
496,Medina,3/11/2021,12.26290167,-0.192086392,6.043874049
497,Medina,3/12/2021,11.07089288,-1.033578469,4.942676056
498,Medina,3/13/2021,9.549130923,-2.575339462,3.841478062
499,Medina,3/14/2021,8.819049418,-3.376139818,2.740280069
500,Medina,3/15/2021,7.860847547,-4.589987634,1.639082076
501,Medina,3/16/2021,6.688427278,-5.899906571,0.537884082
502,Medina,3/17/2021,5.729082024,-7.092130353,-0.563313911
503,Medina,3/18/2021,4.382704125,-7.529624338,-1.664511905
504,Medina,3/19/2021,3.151772952,-8.964826291,-2.765709898
505,Merritt Blvd,3/11/2021,15.99815472,4.137608432,9.963601218
506,Merritt Blvd,3/12/2021,14.40297474,2.579064506,8.534849424
507,Merritt Blvd,3/13/2021,12.94332245,1.124177062,7.10609763
508,Merritt Blvd,3/14/2021,11.49713544,0.11212176,5.677345836
509,Merritt Blvd,3/15/2021,10.11102597,-1.587497685,4.248594042
510,Merritt Blvd,3/16/2021,8.968839251,-3.63344982,2.819842248
511,Merritt Blvd,3/17/2021,7.104172798,-4.919733358,1.391090453
512,Merritt Blvd,3/18/2021,6.1447201,-6.194828699,-0.037661341
513,Merritt Blvd,3/19/2021,4.457220878,-7.478877912,-1.466413135
514,Mountain Home,3/11/2021,33.61920029,13.18140512,23.45151393
515,Mountain Home,3/12/2021,30.87488284,10.7584546,20.51597559
516,Mountain Home,3/13/2021,27.40987166,7.291378713,17.58043724
517,Mountain Home,3/14/2021,25.10694677,4.889768474,14.64489889
518,Mountain Home,3/15/2021,22.75997053,0.720064711,11.70936054
519,Mountain Home,3/16/2021,19.31451469,-1.637456959,8.773822197
520,Mountain Home,3/17/2021,16.15537079,-4.461268708,5.83828385
521,Mountain Home,3/18/2021,12.90457646,-7.132994117,2.902745503
522,Mountain Home,3/19/2021,10.74723883,-10.40408741,-0.032792844
523,N Prospect Ave,3/11/2021,17.63226418,7.512205773,12.66257166
524,N Prospect Ave,3/12/2021,18.08097295,8.044052569,13.26217004
525,N Prospect Ave,3/13/2021,19.2154324,8.892110946,13.86176843
526,N Prospect Ave,3/14/2021,19.25792813,9.351651763,14.46136681
527,N Prospect Ave,3/15/2021,20.0786735,9.93593926,15.0609652
528,N Prospect Ave,3/16/2021,21.07459377,10.34661933,15.66056358
529,N Prospect Ave,3/17/2021,21.04595622,10.92785582,16.26016197
530,N Prospect Ave,3/18/2021,22.0999834,11.39424337,16.85976035
531,N Prospect Ave,3/19/2021,22.61183307,12.11601661,17.45935874
532,Natchitoches,3/11/2021,35.81601685,9.408889022,22.53200776
533,Natchitoches,3/12/2021,33.28241223,7.137106085,20.45546514
534,Natchitoches,3/13/2021,31.62986959,4.66542659,18.37892253
535,Natchitoches,3/14/2021,29.47060288,3.237382858,16.30237991
536,Natchitoches,3/15/2021,27.59027934,1.331931613,14.2258373
537,Natchitoches,3/16/2021,26.14709918,-1.164245418,12.14929468
538,Natchitoches,3/17/2021,23.57452954,-2.392112125,10.07275206
539,Natchitoches,3/18/2021,21.32454945,-5.20849279,7.996209449
540,Natchitoches,3/19/2021,17.85624772,-7.663376092,5.919666834
541,National Hwy,3/11/2021,24.5584941,2.688096391,13.60963938
542,National Hwy,3/12/2021,22.52051499,0.581588256,11.40110088
543,National Hwy,3/13/2021,20.43551284,-1.31090618,9.192562373
544,National Hwy,3/14/2021,17.46371908,-4.025851938,6.984023869
545,National Hwy,3/15/2021,16.03729089,-5.772288025,4.775485365
546,National Hwy,3/16/2021,13.61848688,-9.145052945,2.566946861
547,National Hwy,3/17/2021,9.944272321,-11.0387402,0.358408356
548,National Hwy,3/18/2021,10.26907171,-13.13790288,-1.850130148
549,National Hwy,3/19/2021,6.782257287,-15.46692003,-4.058668652
550,New Albany,3/11/2021,20.74064048,8.282335187,14.51621595
551,New Albany,3/12/2021,20.17937199,7.225145336,14.08537236
552,New Albany,3/13/2021,19.43681187,7.958742215,13.65452878
553,New Albany,3/14/2021,19.2623597,6.820209608,13.22368519
554,New Albany,3/15/2021,19.19671494,6.8943413,12.7928416
555,New Albany,3/16/2021,18.42513693,6.140881893,12.36199802
556,New Albany,3/17/2021,18.11299368,5.363143977,11.93115443
557,New Albany,3/18/2021,17.09036724,5.121836341,11.50031084
558,New Albany,3/19/2021,17.43917139,4.844791321,11.06946726
559,Newport,3/11/2021,10.22921297,2.489315316,6.329319646
560,Newport,3/12/2021,8.464732518,1.406182817,4.931619119
561,Newport,3/13/2021,7.444742346,-0.08508139,3.533918592
562,Newport,3/14/2021,5.913470628,-1.720309995,2.136218065
563,Newport,3/15/2021,4.592539429,-2.749968226,0.738517537
564,Newport,3/16/2021,2.971377288,-4.035875632,-0.65918299
565,Newport,3/17/2021,1.222442613,-5.69734424,-2.056883517
566,Newport,3/18/2021,0.698017623,-7.106027398,-3.454584044
567,Newport,3/19/2021,-1.30270063,-8.479827501,-4.852284572
568,Nick Plaza,3/11/2021,27.90917793,9.438467597,18.58716034
569,Nick Plaza,3/12/2021,25.37059408,6.782181537,15.66385906
570,Nick Plaza,3/13/2021,22.24292231,3.439128351,12.74055779
571,Nick Plaza,3/14/2021,19.22086646,-0.357525371,9.81725651
572,Nick Plaza,3/15/2021,15.68060201,-2.164547545,6.893955233
573,Nick Plaza,3/16/2021,13.04232371,-4.90480712,3.970653956
574,Nick Plaza,3/17/2021,9.822834112,-7.686927565,1.047352679
575,Nick Plaza,3/18/2021,6.588961512,-11.42028166,-1.875948598
576,Nick Plaza,3/19/2021,4.019044455,-14.06567946,-4.799249875
577,Oltorf,3/11/2021,19.4487763,9.965582766,14.94074474
578,Oltorf,3/12/2021,20.06209934,9.693563187,14.85452661
579,Oltorf,3/13/2021,19.51677956,9.479837341,14.76830849
580,Oltorf,3/14/2021,19.55647222,9.733978481,14.68209036
581,Oltorf,3/15/2021,19.51730916,9.57878306,14.59587223
582,Oltorf,3/16/2021,19.46878333,9.543951438,14.50965411
583,Oltorf,3/17/2021,19.54460932,9.731194714,14.42343598
584,Oltorf,3/18/2021,19.30769109,9.637299835,14.33721785
585,Oltorf,3/19/2021,19.20947858,9.360998052,14.25099972
586,Perry,3/11/2021,22.86396338,10.17420348,16.62022529
587,Perry,3/12/2021,21.75551981,9.577370648,15.78932231
588,Perry,3/13/2021,21.03051477,9.102672873,14.95841933
589,Perry,3/14/2021,19.61180664,7.811568306,14.12751636
590,Perry,3/15/2021,19.22474296,7.229624273,13.29661338
591,Perry,3/16/2021,18.27563817,6.348964784,12.4657104
592,Perry,3/17/2021,17.8895207,5.633850508,11.63480742
593,Perry,3/18/2021,16.81899331,4.85155407,10.80390445
594,Perry,3/19/2021,15.90278843,3.990404214,9.973001468
595,Phenix City,3/11/2021,18.12077988,8.176967963,13.29725401
596,Phenix City,3/12/2021,18.31107457,8.709244523,13.29580631
597,Phenix City,3/13/2021,17.94562405,8.236481265,13.29435861
598,Phenix City,3/14/2021,18.11874346,8.884147388,13.29291091
599,Phenix City,3/15/2021,17.79378303,8.423691999,13.2914632
600,Phenix City,3/16/2021,18.25984698,8.483428135,13.2900155
601,Phenix City,3/17/2021,18.01734841,8.610940551,13.2885678
602,Phenix City,3/18/2021,18.30918257,8.378917229,13.2871201
603,Phenix City,3/19/2021,18.18188577,8.544379702,13.28567239
604,Pineville,3/11/2021,29.15107717,6.38195944,17.80086389
605,Pineville,3/12/2021,27.72778417,3.98546351,16.20653645
606,Pineville,3/13/2021,25.59776737,3.050714733,14.61220902
607,Pineville,3/14/2021,24.10628146,1.27688628,13.01788159
608,Pineville,3/15/2021,22.20984704,-0.83137101,11.42355415
609,Pineville,3/16/2021,21.55540275,-2.140757513,9.82922672
610,Pineville,3/17/2021,18.92151477,-3.127831879,8.234899286
611,Pineville,3/18/2021,18.81389032,-5.021112133,6.640571853
612,Pineville,3/19/2021,17.1965067,-6.414667679,5.046244419
613,Plaza Road,3/11/2021,21.24684232,11.75719796,16.43969626
614,Plaza Road,3/12/2021,20.56845592,10.27136893,15.59315103
615,Plaza Road,3/13/2021,19.83345717,9.795060566,14.7466058
616,Plaza Road,3/14/2021,18.88984832,8.969988512,13.90006056
617,Plaza Road,3/15/2021,18.24538751,8.13081221,13.05351533
618,Plaza Road,3/16/2021,17.14317027,7.364688034,12.2069701
619,Plaza Road,3/17/2021,16.17854388,6.504859509,11.36042486
620,Plaza Road,3/18/2021,15.53282961,5.739249909,10.51387963
621,Plaza Road,3/19/2021,14.78525422,5.16432704,9.667334395
622,Point Blvd,3/11/2021,23.32715491,11.31173602,17.21151934
623,Point Blvd,3/12/2021,22.5667447,10.45850011,16.67763138
624,Point Blvd,3/13/2021,22.18841532,10.09910223,16.14374342
625,Point Blvd,3/14/2021,21.46573668,9.300407085,15.60985546
626,Point Blvd,3/15/2021,21.09139781,9.036726188,15.0759675
627,Point Blvd,3/16/2021,20.98556165,8.377469073,14.54207954
628,Point Blvd,3/17/2021,20.05379935,7.819618698,14.00819158
629,Point Blvd,3/18/2021,19.62820384,7.467739638,13.47430362
630,Point Blvd,3/19/2021,19.57053904,6.843880907,12.94041567
631,Princeton,3/11/2021,27.93983432,8.791020914,18.34101597
632,Princeton,3/12/2021,25.89514035,7.49858098,16.72203669
633,Princeton,3/13/2021,24.29979581,5.834028142,15.10305742
634,Princeton,3/14/2021,22.71639537,4.672730617,13.48407814
635,Princeton,3/15/2021,21.47912713,2.338178496,11.86509887
636,Princeton,3/16/2021,19.89502144,1.149535277,10.24611959
637,Princeton,3/17/2021,17.42244838,-0.159883619,8.627140316
638,Princeton,3/18/2021,16.02605061,-1.778305183,7.008161041
639,Princeton,3/19/2021,14.79854524,-3.829128295,5.389181766
640,Riverwalk,3/11/2021,14.34439038,3.075224409,8.488088291
641,Riverwalk,3/12/2021,12.81057787,0.680297158,7.141295188
642,Riverwalk,3/13/2021,11.78587571,-0.033590702,5.794502086
643,Riverwalk,3/14/2021,10.29162354,-1.556648063,4.447708983
644,Riverwalk,3/15/2021,8.966985437,-2.916735231,3.10091588
645,Riverwalk,3/16/2021,7.760273451,-4.335412408,1.754122778
646,Riverwalk,3/17/2021,6.578801474,-5.844416857,0.407329675
647,Riverwalk,3/18/2021,4.79287373,-6.876979213,-0.939463427
648,Riverwalk,3/19/2021,3.791741495,-8.092881542,-2.28625653
649,Rosenberg,3/11/2021,19.50175213,6.298203636,13.16706641
650,Rosenberg,3/12/2021,18.53792614,4.724452444,11.55676874
651,Rosenberg,3/13/2021,16.26418767,3.055429918,9.946471071
652,Rosenberg,3/14/2021,14.56728735,1.670536382,8.336173402
653,Rosenberg,3/15/2021,13.79979272,0.66432882,6.725875733
654,Rosenberg,3/16/2021,11.42997692,-1.067508205,5.115578064
655,Rosenberg,3/17/2021,9.875943016,-2.953798559,3.505280395
656,Rosenberg,3/18/2021,8.096292416,-5.170891859,1.894982727
657,Rosenberg,3/19/2021,6.512200436,-6.496538417,0.284685058
658,Round Lake,3/11/2021,19.33491448,10.83282563,15.12650447
659,Round Lake,3/12/2021,18.2837541,10.12781062,14.24117228
660,Round Lake,3/13/2021,17.2521411,8.930818158,13.35584009
661,Round Lake,3/14/2021,16.61701092,8.428481418,12.47050791
662,Round Lake,3/15/2021,15.7132789,7.201202809,11.58517572
663,Round Lake,3/16/2021,14.96614996,6.406255478,10.69984353
664,Round Lake,3/17/2021,14.26681528,5.497238865,9.814511347
665,Round Lake,3/18/2021,13.05201543,4.815658703,8.92917916
666,Round Lake,3/19/2021,12.81115599,3.78275351,8.043846973
